{"cameraMode":{"drawMode":0,"name":"Shaded","section":"Shading Mode"},"sceneLighting":false,"audioPlay":false,"sceneViewState":{"showFog":true,"showMaterialUpdate":false,"showSkybox":true,"showFlares":true,"showImageEffects":true,"showParticleSystems":true},"in2DMode":false,"pivot":{"x":529.061279296875,"y":44.25577163696289,"z":1005.0932006835938},"rotation":{"x":0.35372650623321535,"y":0.034506022930145267,"z":-0.013059549033641816,"w":0.9346209764480591},"size":160.71566772460938,"orthographic":false}