{"cameraMode":{"drawMode":0,"name":"Shaded","section":"Shading Mode"},"sceneLighting":false,"audioPlay":false,"sceneViewState":{"showFog":true,"showMaterialUpdate":false,"showSkybox":true,"showFlares":true,"showImageEffects":true,"showParticleSystems":true},"in2DMode":false,"pivot":{"x":527.6227416992188,"y":23.098968505859376,"z":512.5504150390625},"rotation":{"x":-0.026670563966035844,"y":0.0344775952398777,"z":0.0009206461836583912,"w":0.9990491271018982},"size":0.8241593241691589,"orthographic":false}