{"cameraMode":{"drawMode":0,"name":"Shaded","section":"Shading Mode"},"sceneLighting":false,"audioPlay":false,"sceneViewState":{"showFog":true,"showMaterialUpdate":false,"showSkybox":true,"showFlares":true,"showImageEffects":true,"showParticleSystems":true},"in2DMode":false,"pivot":{"x":332.14227294921877,"y":19.495960235595704,"z":152.937255859375},"rotation":{"x":0.005047779530286789,"y":-0.8688583970069885,"z":0.4949556589126587,"w":0.008860858157277108},"size":24.64525032043457,"orthographic":false}