{"cameraMode":{"drawMode":0,"name":"Shaded","section":"Shading Mode"},"sceneLighting":false,"audioPlay":false,"sceneViewState":{"showFog":true,"showMaterialUpdate":false,"showSkybox":true,"showFlares":true,"showImageEffects":true,"showParticleSystems":true},"in2DMode":false,"pivot":{"x":622.9539184570313,"y":12.9871826171875,"z":351.33270263671877},"rotation":{"x":0.005047779530286789,"y":-0.8688583970069885,"z":0.4949556589126587,"w":0.008860858157277108},"size":308.2517395019531,"orthographic":false}