{"cameraMode":{"drawMode":0,"name":"Shaded","section":"Shading Mode"},"sceneLighting":false,"audioPlay":false,"sceneViewState":{"showFog":true,"showMaterialUpdate":false,"showSkybox":true,"showFlares":true,"showImageEffects":true,"showParticleSystems":true},"in2DMode":false,"pivot":{"x":0.7172365188598633,"y":5.315366744995117,"z":3.4593896865844728},"rotation":{"x":0.31051212549209597,"y":0.6512348055839539,"z":-0.3331102132797241,"w":0.607052743434906},"size":33.55342102050781,"orthographic":false}