{"cameraMode":{"drawMode":0,"name":"Shaded","section":"Shading Mode"},"sceneLighting":false,"audioPlay":false,"sceneViewState":{"showFog":true,"showMaterialUpdate":false,"showSkybox":true,"showFlares":true,"showImageEffects":true,"showParticleSystems":true},"in2DMode":false,"pivot":{"x":456.6176452636719,"y":31.929502487182618,"z":173.39999389648438},"rotation":{"x":0.25199705362319949,"y":0.46690264344215395,"z":-0.1407596915960312,"w":0.8358744978904724},"size":8.591866493225098,"orthographic":false}