{"cameraMode":{"drawMode":0,"name":"Shaded","section":"Shading Mode"},"sceneLighting":false,"audioPlay":false,"sceneViewState":{"showFog":true,"showMaterialUpdate":false,"showSkybox":true,"showFlares":true,"showImageEffects":true,"showParticleSystems":true},"in2DMode":false,"pivot":{"x":658.9778442382813,"y":40.13184356689453,"z":483.332275390625},"rotation":{"x":-0.3392162621021271,"y":0.13397257030010224,"z":-0.04887501150369644,"w":-0.9298359751701355},"size":103.69816589355469,"orthographic":false}