{"cameraMode":{"drawMode":0,"name":"Shaded","section":"Shading Mode"},"sceneLighting":true,"audioPlay":false,"sceneViewState":{"showFog":true,"showMaterialUpdate":false,"showSkybox":true,"showFlares":true,"showImageEffects":true,"showParticleSystems":true},"in2DMode":false,"pivot":{"x":189.40621948242188,"y":18.903316497802736,"z":197.619140625},"rotation":{"x":0.012986557558178902,"y":-0.9384616017341614,"z":0.03549980744719505,"w":0.3433089554309845},"size":2.179236888885498,"orthographic":false}