{"cameraMode":{"drawMode":0,"name":"Shaded","section":"Shading Mode"},"sceneLighting":true,"audioPlay":false,"sceneViewState":{"showFog":true,"showMaterialUpdate":false,"showSkybox":true,"showFlares":true,"showImageEffects":true,"showParticleSystems":true},"in2DMode":false,"pivot":{"x":490.9475402832031,"y":26.7542781829834,"z":509.2899169921875},"rotation":{"x":0.20325401425361634,"y":-0.10171607881784439,"z":0.02123485878109932,"w":0.9735968708992004},"size":18.011245727539064,"orthographic":false}