{"cameraMode":{"drawMode":0,"name":"Shaded","section":"Shading Mode"},"sceneLighting":false,"audioPlay":false,"sceneViewState":{"showFog":true,"showMaterialUpdate":false,"showSkybox":true,"showFlares":true,"showImageEffects":true,"showParticleSystems":true},"in2DMode":false,"pivot":{"x":593.775146484375,"y":20.165786743164064,"z":376.55389404296877},"rotation":{"x":0.005047779530286789,"y":-0.8688583970069885,"z":0.4949556589126587,"w":0.008860858157277108},"size":436.50732421875,"orthographic":false}