{"cameraMode":{"drawMode":0,"name":"Shaded","section":"Shading Mode"},"sceneLighting":false,"audioPlay":false,"sceneViewState":{"showFog":true,"showMaterialUpdate":false,"showSkybox":true,"showFlares":true,"showImageEffects":true,"showParticleSystems":true},"in2DMode":false,"pivot":{"x":570.2538452148438,"y":96.1849365234375,"z":212.0526885986328},"rotation":{"x":0.005047779530286789,"y":-0.8688583970069885,"z":0.4949556589126587,"w":0.008860858157277108},"size":404.9494934082031,"orthographic":false}